{
  "pose": {
    "lat_deg": 0.0,
    "lon_deg": 0.0,
    "azimuth_deg": 0.0,
    "zenith_deg": 90.0,
    "roll_deg": 0.0,
    "alt_m": 9144.0
  },
  "velocityNED": {
    "north_mps": 0.0,
    "east_mps": 0.0,
    "down_mps": 0.0
  },
  "bodyRates": {
    "roll_rad_s":  0.17446000406919428,
    "pitch_rad_s": 0.34906585039886591,
    "yaw_rad_s":   0.52359877559829883
  },
  "inertialParameters": {
    "mass_kg": 2.267961895,
    "inertia_kgm2": {
      "Ixx": 0.002568217,
      "Iyy": 0.008421012,
      "Izz": 0.009754656,
      "Ixy": 0.0,
      "Iyz": 0.0,
      "Ixz": 0.0
    },
    "body_origin_wrt_cog_m": {
      "x": 0.0,
      "y": 0.0,
      "z": 0.0
    }
  },
  "aerodynamicParameters": {
    "S":    0.020645120,
    "b":    0.101600000,
    "cbar": 0.203200000,
    "CL":   0.0,
    "CD":   0.0,
    "CY":   0.0,
    "Cl":   0.0,
    "Cm":   0.0,
    "Cn":   0.0,
    "Clp": -1.0,
    "Clr":  0.0,
    "Cmq": -1.0,
    "Cnp":  0.0,
    "Cnr": -1.0
  }
}
